AZURE,,,,,,,GCP,,,,,,,AWS,,,,,
Series,Virtual Machine,Instance vCPUs,Instance Memory,Total Platform Scope 3 Emissions  (kgCO₂eq),Total Platform Scope 3 Emissions  (mtCO₂eq),,Machine Family,Machine type,Instance vCPUs,Instance Memory,Total Platform Scope 3 Emissions  (kgCO₂eq),Total Platform Scope 3 Emissions  (mtCO₂eq),,Instance Family,Instance Type,vCPUS,Memory (GB),Total Platform Scope 3 Emissions  (kgCO₂eq),Total Platform Scope 3 Emissions  (mtCO₂eq)
Av2 Standard,A1 v2,1,2,1216.6,1.2166,,e2,e2-standard-2,2,8,1230.3,1.2303,,a1,a1.medium,1,2,1022.1904,1.0221904
Av2 Standard,A2 v2,2,4,1216.6,1.2166,,e2,e2-standard-4,4,16,1230.3,1.2303,,a1,a1.large,2,4,1022.1904,1.0221904
Av2 Standard,A2m v2,2,16,1216.6,1.2166,,e2,e2-standard-8,8,32,1230.3,1.2303,,a1,a1.xlarge,4,8,1022.1904,1.0221904
Av2 Standard,A4 v2,4,8,1216.6,1.2166,,e2,e2-standard-16,16,64,1230.3,1.2303,,a1,a1.2xlarge,8,16,1022.1904,1.0221904
Av2 Standard,A4m v2,4,32,1216.6,1.2166,,e2,e2-standard-32,32,128,1230.3,1.2303,,a1,a1.4xlarge,16,32,1022.1904,1.0221904
Av2 Standard,A8 v2,8,16,1216.6,1.2166,,e2,e2-highmem-2,2,16,1230.3,1.2303,,a1,a1.metal,16,32,1022.1904,1.0221904
Av2 Standard,A8m v2,8,64,1216.6,1.2166,,e2,e2-highmem-4,4,32,1230.3,1.2303,,c1,c1.medium,2,1.7,1536.0594,1.5360594
Bs-series,B12MS,12,48,1238.8,1.2388,,e2,e2-highmem-8,8,64,1230.3,1.2303,,c1,c1.xlarge,8,7,1536.0594,1.5360594
Bs-series,B16MS,16,64,1238.8,1.2388,,e2,e2-highmem-16,16,128,1230.3,1.2303,,cr1,cr1.8xlarge,32,244,1616.2132,1.6162132
Bs-series,B1LS,1,0.5,1238.8,1.2388,,e2,e2-highcpu-2,2,2,1097.2,1.0972,,cc2,cc2.8xlarge,32,60.5,1561.71705,1.56171705
Bs-series,B1MS,1,2,1238.8,1.2388,,e2,e2-highcpu-4,4,4,1097.2,1.0972,,c3,c3.large,2,3.75,1361.0236,1.3610236
Bs-series,B1S,1,1,1238.8,1.2388,,e2,e2-highcpu-8,8,8,1097.2,1.0972,,c3,c3.xlarge,4,7.5,1361.0236,1.3610236
Bs-series,B20MS,20,80,1238.8,1.2388,,e2,e2-highcpu-16,16,16,1097.2,1.0972,,c3,c3.2xlarge,8,15,1361.0236,1.3610236
Bs-series,B2MS,2,8,1238.8,1.2388,,e2,e2-highcpu-32,32,32,1097.2,1.0972,,c3,c3.4xlarge,16,30,1361.0236,1.3610236
Bs-series,B2S,2,4,1238.8,1.2388,,e2 Shared-core,e2-micro,2,1,1230.3,1.2303,,c3,c3.8xlarge,32,60,1361.0236,1.3610236
Bs-series,B4MS,4,16,1238.8,1.2388,,e2 Shared-core,e2-small,2,2,1230.3,1.2303,,c4,c4.large,2,3.75,1161.0236,1.1610236
Bs-series,B8MS,8,32,1238.8,1.2388,,e2 Shared-core,e2-medium,2,4,1230.3,1.2303,,c4,c4.xlarge,4,7.5,1161.0236,1.1610236
Constrained vCPUs capable,M128-32ms,0.25,3800,6398.0,6.398,,n2,n2-standard-2,2,8,1887.9,1.8879,,c4,c4.2xlarge,8,15,1161.0236,1.1610236
Constrained vCPUs capable,M128-64ms,0.5,3800,6398.0,6.398,,n2,n2-standard-4,4,16,1887.9,1.8879,,c4,c4.4xlarge,16,30,1161.0236,1.1610236
Constrained vCPUs capable,M64-16ms,0.25,1750,3554.9,3.5549,,n2,n2-standard-8,8,32,1887.9,1.8879,,c4,c4.8xlarge,36,60,1161.0236,1.1610236
Constrained vCPUs capable,M64-32ms,0.5,1750,3554.9,3.5549,,n2,n2-standard-16,16,64,1887.9,1.8879,,c5,c5.large,2,4,1344.0944,1.3440944
Constrained vCPUs capable,M32-16ms,0.5,875,2341.3,2.3413,,n2,n2-standard-32,32,128,1887.9,1.8879,,c5,c5.xlarge,4,8,1344.0944,1.3440944
Constrained vCPUs capable,M32-8ms,0.25,875,2341.3,2.3413,,n2,n2-standard-48,48,192,1887.9,1.8879,,c5,c5.2xlarge,8,16,1344.0944,1.3440944
Constrained vCPUs capable,E96-24as v4,0.25,672,2059.8,2.0598,,n2,n2-standard-64,64,256,1887.9,1.8879,,c5,c5.4xlarge,16,32,1344.0944,1.3440944
Constrained vCPUs capable,E96-48as v4,0.5,672,2059.8,2.0598,,n2,n2-standard-80,80,320,1887.9,1.8879,,c5,c5.9xlarge,36,72,1344.0944,1.3440944
Constrained vCPUs capable,E64-16as v4,0.25,512,1837.9,1.8379,,n2,n2-standard-96,96,384,1887.9,1.8879,,c5,c5.12xlarge,48,96,1344.0944,1.3440944
Constrained vCPUs capable,E64-32as v4,0.5,512,1837.9,1.8379,,n2,n2-standard-128,128,512,1887.9,1.8879,,c5,c5.18xlarge,72,144,1344.0944,1.3440944
Constrained vCPUs capable,E64-16ds v4,0.25,504,1826.8,1.8268,,n2,n2-highmem-2,2,16,2376.1,2.3761,,c5,c5.24xlarge,96,192,1344.0944,1.3440944
Constrained vCPUs capable,E64-32ds v4,0.5,504,1826.8,1.8268,,n2,n2-highmem-4,4,32,2376.1,2.3761,,c5,c5.metal,96,192,1344.0944,1.3440944
Constrained vCPUs capable,E64-16s v4,0.25,504,1776.8,1.7768,,n2,n2-highmem-8,8,64,2376.1,2.3761,,c5a,c5a.large,2,4,1244.0944,1.2440944
Constrained vCPUs capable,E64-32s v4,0.5,504,1776.8,1.7768,,n2,n2-highmem-16,16,128,2376.1,2.3761,,c5a,c5a.xlarge,4,8,1244.0944,1.2440944
Constrained vCPUs capable,Gs5-16,0.5,448,1749.1,1.7491,,n2,n2-highmem-32,32,256,2376.1,2.3761,,c5a,c5a.2xlarge,8,16,1244.0944,1.2440944
Constrained vCPUs capable,Gs5-8,0.25,448,1749.1,1.7491,,n2,n2-highmem-48,48,384,2376.1,2.3761,,c5a,c5a.4xlarge,16,32,1244.0944,1.2440944
Constrained vCPUs capable,M16-4ms,0.25,438,1735.3,1.7353,,n2,n2-highmem-64,64,512,2376.1,2.3761,,c5a,c5a.8xlarge,32,64,1244.0944,1.2440944
Constrained vCPUs capable,M16-8ms,0.5,438,1735.3,1.7353,,n2,n2-highmem-80,80,640,2376.1,2.3761,,c5a,c5a.12xlarge,48,96,1244.0944,1.2440944
Constrained vCPUs capable,E64-16s v3,0.25,432,1727.0,1.727,,n2,n2-highmem-96,96,768,2376.1,2.3761,,c5a,c5a.16xlarge,64,128,1244.0944,1.2440944
Constrained vCPUs capable,E64-32s v3,0.5,432,1727.0,1.727,,n2,n2-highmem-128,128,864,2376.1,2.3761,,c5a,c5a.24xlarge,96,192,1244.0944,1.2440944
Constrained vCPUs capable,HB120-16rs v3,0.1333333333,448,1699.1,1.6991,,n2,n2-highcpu-2,2,2,1311,1.311,,c5ad,c5ad.large,2,4,1444.0944,1.4440944
Constrained vCPUs capable,HB120-32rs v3,0.2666666667,448,1699.1,1.6991,,n2,n2-highcpu-4,4,4,1311,1.311,,c5ad,c5ad.xlarge,4,8,1444.0944,1.4440944
Constrained vCPUs capable,HB120-64rs v3,0.5333333333,448,1699.1,1.6991,,n2,n2-highcpu-8,8,8,1311,1.311,,c5ad,c5ad.2xlarge,8,16,1444.0944,1.4440944
Constrained vCPUs capable,HB120-96rs v3,0.8,448,1699.1,1.6991,,n2,n2-highcpu-16,16,16,1311,1.311,,c5ad,c5ad.4xlarge,16,32,1444.0944,1.4440944
Constrained vCPUs capable,E32-16as v4,0.5,256,1482.9,1.4829,,n2,n2-highcpu-32,32,32,1311,1.311,,c5ad,c5ad.8xlarge,32,64,1444.0944,1.4440944
Constrained vCPUs capable,E32-16ds v4,0.5,256,1482.9,1.4829,,n2,n2-highcpu-48,48,48,1311,1.311,,c5ad,c5ad.12xlarge,48,96,1444.0944,1.4440944
Constrained vCPUs capable,E32-16s v3,0.5,256,1482.9,1.4829,,n2,n2-highcpu-64,64,64,1311,1.311,,c5ad,c5ad.16xlarge,64,128,1444.0944,1.4440944
Constrained vCPUs capable,E32-8as v4,0.25,256,1482.9,1.4829,,n2,n2-highcpu-80,80,80,1311,1.311,,c5ad,c5ad.24xlarge,96,192,1444.0944,1.4440944
Constrained vCPUs capable,E32-8ds v4,0.25,256,1482.9,1.4829,,n2,n2-highcpu-96,96,96,1311,1.311,,c5d,c5d.large,2,4,1544.0944,1.5440944
Constrained vCPUs capable,E32-8s v3,0.25,256,1482.9,1.4829,,n2d,n2d-standard-2,2,8,2320.5,2.3205,,c5d,c5d.xlarge,4,8,1544.0944,1.5440944
Constrained vCPUs capable,Gs4-4,0.25,224,1438.5,1.4385,,n2d,n2d-standard-4,4,16,2320.5,2.3205,,c5d,c5d.2xlarge,8,16,1544.0944,1.5440944
Constrained vCPUs capable,Gs4-8,0.5,224,1438.5,1.4385,,n2d,n2d-standard-8,8,32,2320.5,2.3205,,c5d,c5d.4xlarge,16,32,1544.0944,1.5440944
Constrained vCPUs capable,E32-16s v4,0.5,256,1432.9,1.4329,,n2d,n2d-standard-16,16,64,2320.5,2.3205,,c5d,c5d.9xlarge,36,72,1544.0944,1.5440944
Constrained vCPUs capable,E32-8s v4,0.25,256,1432.9,1.4329,,n2d,n2d-standard-32,32,128,2320.5,2.3205,,c5d,c5d.12xlarge,48,96,1744.0944,1.7440944
Constrained vCPUs capable,M8-2ms,0.25,219,1431.5,1.4315,,n2d,n2d-standard-48,48,192,2320.5,2.3205,,c5d,c5d.18xlarge,72,144,1544.0944,1.5440944
Constrained vCPUs capable,M8-4ms,0.5,219,1431.5,1.4315,,n2d,n2d-standard-64,64,256,2320.5,2.3205,,c5d,c5d.24xlarge,96,192,1744.0944,1.7440944
Constrained vCPUs capable,E16-4as v4,0.25,128,1305.3,1.3053,,n2d,n2d-standard-80,80,320,2320.5,2.3205,,c5d,c5d.metal,96,192,1744.0944,1.7440944
Constrained vCPUs capable,E16-4ds v4,0.25,128,1305.3,1.3053,,n2d,n2d-standard-96,96,384,2320.5,2.3205,,c5n,c5n.large,2,5.25,1344.0944,1.3440944
Constrained vCPUs capable,E16-4s v3,0.25,128,1305.3,1.3053,,n2d,n2d-standard-128,128,512,2320.5,2.3205,,c5n,c5n.xlarge,4,10.5,1344.0944,1.3440944
Constrained vCPUs capable,E16-8as v4,0.5,128,1305.3,1.3053,,n2d,n2d-standard-224,224,896,2320.5,2.3205,,c5n,c5n.2xlarge,8,21,1344.0944,1.3440944
Constrained vCPUs capable,E16-8ds v4,0.5,128,1305.3,1.3053,,n2d,n2d-highmem-2,2,16,2142.9,2.1429,,c5n,c5n.4xlarge,16,42,1344.0944,1.3440944
Constrained vCPUs capable,E16-8s v3,0.5,128,1305.3,1.3053,,n2d,n2d-highmem-4,4,32,2142.9,2.1429,,c5n,c5n.9xlarge,36,96,1344.0944,1.3440944
Constrained vCPUs capable,DS14-4 v2,0.25,112,1283.1,1.2831,,n2d,n2d-highmem-8,8,64,2142.9,2.1429,,c5n,c5n.18xlarge,72,192,1344.0944,1.3440944
Constrained vCPUs capable,DS14-8 v2,0.5,112,1283.1,1.2831,,n2d,n2d-highmem-16,16,128,2142.9,2.1429,,c5n,c5n.metal,72,192,1344.0944,1.3440944
Constrained vCPUs capable,E16-4s v4,0.25,128,1255.3,1.2553,,n2d,n2d-highmem-32,32,256,2142.9,2.1429,,c6g,c6g.medium,1,2,1155.3328,1.1553328
Constrained vCPUs capable,E16-8s v4,0.5,128,1255.3,1.2553,,n2d,n2d-highmem-48,48,384,2142.9,2.1429,,c6g,c6g.large,2,4,1155.3328,1.1553328
Constrained vCPUs capable,E8-2as v4,0.25,64,1216.6,1.2166,,n2d,n2d-highmem-64,64,512,2142.9,2.1429,,c6g,c6g.xlarge,4,8,1155.3328,1.1553328
Constrained vCPUs capable,E8-2ds v4,0.25,64,1216.6,1.2166,,n2d,n2d-highmem-80,80,640,2142.9,2.1429,,c6g,c6g.2xlarge,8,16,1155.3328,1.1553328
Constrained vCPUs capable,E8-2s v3,0.25,64,1216.6,1.2166,,n2d,n2d-highmem-96,96,768,2142.9,2.1429,,c6g,c6g.4xlarge,16,32,1155.3328,1.1553328
Constrained vCPUs capable,E8-4as v4,0.5,64,1216.6,1.2166,,n2d,n2d-highcpu-2,2,2,1388.5,1.3885,,c6g,c6g.8xlarge,32,64,1155.3328,1.1553328
Constrained vCPUs capable,E8-4ds v4,0.5,64,1216.6,1.2166,,n2d,n2d-highcpu-4,4,4,1388.5,1.3885,,c6g,c6g.12xlarge,48,96,1155.3328,1.1553328
Constrained vCPUs capable,E8-4s v3,0.5,64,1216.6,1.2166,,n2d,n2d-highcpu-8,8,8,1388.5,1.3885,,c6g,c6g.16xlarge,64,128,1155.3328,1.1553328
Constrained vCPUs capable,DS13-2 v2,0.25,56,1205.5,1.2055,,n2d,n2d-highcpu-16,16,16,1388.5,1.3885,,c6g,c6g.metal,64,128,1155.3328,1.1553328
Constrained vCPUs capable,DS13-4 v2,0.5,56,1205.5,1.2055,,n2d,n2d-highcpu-32,32,32,1388.5,1.3885,,c6gd,c6gd.medium,1,2,1355.3328,1.3553328
Constrained vCPUs capable,E4-2as v4,0.5,32,1172.2,1.1722,,n2d,n2d-highcpu-48,48,48,1388.5,1.3885,,c6gd,c6gd.large,2,4,1355.3328,1.3553328
Constrained vCPUs capable,E4-2ds v4,0.5,32,1172.2,1.1722,,n2d,n2d-highcpu-64,64,64,1388.5,1.3885,,c6gd,c6gd.xlarge,4,8,1355.3328,1.3553328
Constrained vCPUs capable,E4-2s v3,0.5,32,1172.2,1.1722,,n2d,n2d-highcpu-80,80,80,1388.5,1.3885,,c6gd,c6gd.2xlarge,8,16,1355.3328,1.3553328
Constrained vCPUs capable,DS12-1 v2,0.25,28,1166.6,1.1666,,n2d,n2d-highcpu-96,96,96,1388.5,1.3885,,c6gd,c6gd.4xlarge,16,32,1355.3328,1.3553328
Constrained vCPUs capable,DS12-2 v2,0.5,28,1166.6,1.1666,,n2d,n2d-highcpu-128,128,128,1388.5,1.3885,,c6gd,c6gd.8xlarge,32,64,1355.3328,1.3553328
Constrained vCPUs capable,E8-2s v4,0.25,64,1166.6,1.1666,,n2d,n2d-highcpu-224,224,224,1388.5,1.3885,,c6gd,c6gd.12xlarge,48,96,1355.3328,1.3553328
Constrained vCPUs capable,E8-4s v4,0.5,64,1166.6,1.1666,,t2d,t2d-standard-1,1,4,1310.7,1.3107,,c6gd,c6gd.16xlarge,64,128,1355.3328,1.3553328
Constrained vCPUs capable,DS11-1 v2,0.5,14,1150.0,1.15,,t2d,t2d-standard-2,2,8,1310.7,1.3107,,c6gd,c6gd.metal,64,128,1355.3328,1.3553328
Constrained vCPUs capable,E4-2s v4,0.5,32,1122.2,1.1222,,t2d,t2d-standard-4,4,16,1310.7,1.3107,,c6gn,c6gn.medium,1,2,1155.3328,1.1553328
D1-5 v2,D1 v2,1,44319,1905.9,1.9059,,t2d,t2d-standard-8,8,32,1310.7,1.3107,,c6gn,c6gn.large,2,4,1155.3328,1.1553328
D1-5 v2,D2 v2,2,7,1205.5,1.2055,,t2d,t2d-standard-16,16,64,1310.7,1.3107,,c6gn,c6gn.xlarge,4,8,1155.3328,1.1553328
D1-5 v2,D3 v2,4,14,1205.5,1.2055,,t2d,t2d-standard-32,32,128,1310.7,1.3107,,c6gn,c6gn.2xlarge,8,16,1155.3328,1.1553328
D1-5 v2,D4 v2,8,28,1205.5,1.2055,,t2d,t2d-standard-48,48,192,1310.7,1.3107,,c6gn,c6gn.4xlarge,16,32,1155.3328,1.1553328
D1-5 v2,D5 v2,16,56,1205.5,1.2055,,t2d,t2d-standard-60,60,240,1310.7,1.3107,,c6gn,c6gn.8xlarge,32,64,1155.3328,1.1553328
D11-15 v2,D11 v2,2,14,1234.6,1.2346,,n1,n1-standard-1,1,3.75,1677.1,1.6771,,c6gn,c6gn.12xlarge,48,96,1155.3328,1.1553328
D11-15 v2,D12 v2,4,28,1322.0,1.322,,n1,n1-standard-2,2,7.5,1677.1,1.6771,,c6gn,c6gn.16xlarge,64,128,1155.3328,1.1553328
D11-15 v2,D13 v2,8,56,1322.0,1.322,,n1,n1-standard-4,4,15,1677.1,1.6771,,d2,d2.xlarge,4,30.5,2616.2132,2.6162132
D11-15 v2,D14 v2,16,112,1322.0,1.322,,n1,n1-standard-8,8,30,1677.1,1.6771,,d2,d2.2xlarge,8,61,2616.2132,2.6162132
D11-15 v2,D15 v2,20,140,1322.0,1.322,,n1,n1-standard-16,16,60,1677.1,1.6771,,d2,d2.4xlarge,16,122,2616.2132,2.6162132
D11-15 v2,D15i v2 1,20,140,1322.0,1.322,,n1,n1-standard-32,32,120,1677.1,1.6771,,d2,d2.8xlarge,36,244,2616.2132,2.6162132
D11S-15S v2,DS11 v2,2,14,1322.0,1.322,,n1,n1-standard-64,64,240,1677.1,1.6771,,d3,d3.xlarge,4,32,2632.856,2.632856
D11S-15S v2,DS12 v2,4,28,1322.0,1.322,,n1,n1-standard-96,96,360,1677.1,1.6771,,d3,d3.2xlarge,8,64,2632.856,2.632856
D11S-15S v2,DS13 v2,8,56,1322.0,1.322,,n1,n1-highmem-2,2,13,2043.2,2.0432,,d3,d3.4xlarge,16,128,2632.856,2.632856
D11S-15S v2,DS14 v2,16,112,1322.0,1.322,,n1,n1-highmem-4,4,26,2043.2,2.0432,,d3,d3.8xlarge,32,256,2632.856,2.632856
D11S-15S v2,DS15 v2,20,140,1322.0,1.322,,n1,n1-highmem-8,8,52,2043.2,2.0432,,d3en,d3en.xlarge,4,16,2544.0944,2.5440944
D11S-15S v2,DS15i v2 1,20,140,1322.0,1.322,,n1,n1-highmem-16,16,104,2043.2,2.0432,,d3en,d3en.2xlarge,8,32,2544.0944,2.5440944
D1s-5s v2,DS1 v2,1,44319,1305.4,1.3054,,n1,n1-highmem-32,32,208,2043.2,2.0432,,d3en,d3en.4xlarge,16,64,2544.0944,2.5440944
D1s-5s v2,DS2 v2,2,7,1255.5,1.2555,,n1,n1-highmem-64,64,416,2043.2,2.0432,,d3en,d3en.6xlarge,24,96,2544.0944,2.5440944
D1s-5s v2,DS3 v2,4,14,1255.5,1.2555,,n1,n1-highmem-96,96,624,2043.2,2.0432,,d3en,d3en.8xlarge,32,128,2544.0944,2.5440944
D1s-5s v2,DS4 v2,8,28,1255.5,1.2555,,n1,n1-highcpu-2,2,1.8,1297.6,1.2976,,d3en,d3en.12xlarge,48,192,2544.0944,2.5440944
D1s-5s v2,DS5 v2,16,56,1255.5,1.2555,,n1,n1-highcpu-4,4,3.6,1297.6,1.2976,,dc2,dc2.large,2,15,1816.2132,1.8162132
D2 – D64 v4,D16 v4,16,64,1432.9,1.4329,,n1,n1-highcpu-8,8,7.2,1297.6,1.2976,,dc2,dc2.8xlarge,32,244,1816.2132,1.8162132
D2 – D64 v4,D2 v4,2,8,1432.9,1.4329,,n1,n1-highcpu-16,16,14.4,1297.6,1.2976,,ds2,ds2.xlarge,4,31,1816.2132,1.8162132
D2 – D64 v4,D32 v4,32,128,1432.9,1.4329,,n1,n1-highcpu-32,32,28.8,1297.6,1.2976,,ds2,ds2.8xlarge,36,244,1816.2132,1.8162132
D2 – D64 v4,D4 v4,4,16,1432.9,1.4329,,n1,n1-highcpu-64,64,57.6,1297.6,1.2976,,f1,f1.2xlarge,8,122,2831.424,2.831424
D2 – D64 v4,D48 v4,48,192,1432.9,1.4329,,n1,n1-highcpu-96,96,86.4,1297.6,1.2976,,f1,f1.4xlarge,16,244,2831.424,2.831424
D2 – D64 v4,D64 v4,64,256,1432.9,1.4329,,n1 Shared-core,f1-micro,1,0.6,1577.1,1.5771,,f1,f1.16xlarge,64,976,2831.424,2.831424
D2 – D64 v4,D8 v4,8,32,1432.9,1.4329,,n1 Shared-core,g1-small,1,1.7,1577.1,1.5771,,g2,g2.2xlarge,8,15,1961.0236,1.9610236
D2-64 v3,D16 v3,16,64,1445.4,1.4454,,Compute-optimized,c2-standard-4,4,16,1510.7,1.5107,,g2,g2.8xlarge,32,60,1961.0236,1.9610236
D2-64 v3,D2 v3,2,8,1482.9,1.4829,,Compute-optimized,c2-standard-8,8,32,1510.7,1.5107,,g3s,g3s.xlarge,4,30.5,2354.6168,2.3546168
D2-64 v3,D32 v3,32,128,1482.9,1.4829,,Compute-optimized,c2-standard-16,16,64,1510.7,1.5107,,g3,g3.4xlarge,16,122,2354.6168,2.3546168
D2-64 v3,D4 v3,4,16,1482.9,1.4829,,Compute-optimized,c2-standard-30,30,120,1510.7,1.5107,,g3,g3.8xlarge,32,244,2354.6168,2.3546168
D2-64 v3,D48 v3,48,192,1482.9,1.4829,,Compute-optimized,c2-standard-60,60,240,1510.7,1.5107,,g3,g3.16xlarge,64,488,2354.6168,2.3546168
D2-64 v3,D64 v3,64,256,1482.9,1.4829,,m1,m1-ultramem-40,40,961,1100,1.1,,g4dn,g4dn.xlarge,4,16,3010.3792,3.0103792
D2-64 v3,D8 v3,8,32,1482.9,1.4829,,m1,m1-ultramem-80,80,1922,1100,1.1,,g4dn,g4dn.2xlarge,8,32,3010.3792,3.0103792
D2a – D96a v4,D16a v4,16,64,1560.4,1.5604,,m1,m1-ultramem-160,160,3844,1100,1.1,,g4dn,g4dn.4xlarge,16,64,3010.3792,3.0103792
D2a – D96a v4,D2a v4,2,8,1560.4,1.5604,,m1,m1-megamem-96,96,1433.6,1200,1.2,,g4dn,g4dn.8xlarge,32,128,3010.3792,3.0103792
D2a – D96a v4,D32a v4,32,128,1560.4,1.5604,,m2,m2-ultramem-208,208,5.888,1100,1.1,,g4dn,g4dn.16xlarge,64,256,3010.3792,3.0103792
D2a – D96a v4,D48a v4,48,192,1560.4,1.5604,,m2,m2-ultramem-416,416,11.776,1100,1.1,,g4dn,g4dn.12xlarge,48,192,3010.3792,3.0103792
D2a – D96a v4,D4a v4,4,16,1560.4,1.5604,,m2,m2-megamem-416,416,5.888,1100,1.1,,g4dn,g4dn.metal,96,384,3010.3792,3.0103792
D2a – D96a v4,D64a v4,64,256,1560.4,1.5604,,Accelorator-optimized highgpu,a2-highgpu-1g,12,85,5464,5.464,,g4ad,g4ad.4xlarge,16,64,2310.3792,2.3103792
D2a – D96a v4,D8a v4,8,32,1560.4,1.5604,,Accelorator-optimized highgpu,a2-highgpu-2g,24,170,5464,5.464,,g4ad,g4ad.8xlarge,32,128,2310.3792,2.3103792
D2a – D96a v4,D96a v4,96,384,1560.4,1.5604,,Accelorator-optimized highgpu,a2-highgpu-4g,48,340,5464,5.464,,g4ad,g4ad.16xlarge,64,256,2310.3792,2.3103792
D2as – D96as v4,D16as v4,16,64,1560.4,1.5604,,Accelorator-optimized highgpu,a2-highgpu-8g,96,680,5464,5.464,,h1,h1.2xlarge,8,32,2632.856,2.632856
D2as – D96as v4,D2as v4,2,8,1560.4,1.5604,,Accelorator-optimized megagpu,a2-megagpu-16g,96,1360,5464,5.464,,h1,h1.4xlarge,16,64,2632.856,2.632856
D2as – D96as v4,D32as v4,32,128,1560.4,1.5604,,,,,,,,,h1,h1.8xlarge,32,128,2632.856,2.632856
D2as – D96as v4,D48as v4,48,192,1560.4,1.5604,,,,,,,,,h1,h1.16xlarge,64,256,2632.856,2.632856
D2as – D96as v4,D4as v4,4,16,1560.4,1.5604,,,,,,,,,hs1,hs1.8xlarge,16,117,2616.2132,2.6162132
D2as – D96as v4,D64as v4,64,256,1560.4,1.5604,,,,,,,,,i2,i2.xlarge,4,30.5,2216.2132,2.2162132
D2as – D96as v4,D8as v4,8,32,1560.4,1.5604,,,,,,,,,i2,i2.2xlarge,8,61,2216.2132,2.2162132
D2as – D96as v4,D96as v4,96,384,1560.4,1.5604,,,,,,,,,i2,i2.4xlarge,16,122,2216.2132,2.2162132
D2d – D64d v4,D16d v4,16,64,1482.9,1.4829,,,,,,,,,i2,i2.8xlarge,32,244,2216.2132,2.2162132
D2d – D64d v4,D2d v4,2,8,1482.9,1.4829,,,,,,,,,i3,i3.large,2,15.25,2587.9024,2.5879024
D2d – D64d v4,D32d v4,32,128,1482.9,1.4829,,,,,,,,,i3,i3.xlarge,4,30.5,2587.9024,2.5879024
D2d – D64d v4,D48d v4,48,192,1482.9,1.4829,,,,,,,,,i3,i3.2xlarge,8,61,2587.9024,2.5879024
D2d – D64d v4,D4d v4,4,16,1482.9,1.4829,,,,,,,,,i3,i3.4xlarge,16,122,2587.9024,2.5879024
D2d – D64d v4,D64d v4,64,256,1482.9,1.4829,,,,,,,,,i3,i3.8xlarge,32,244,2587.9024,2.5879024
D2d – D64d v4,D8d v4,8,32,1482.9,1.4829,,,,,,,,,i3,i3.16xlarge,64,488,2587.9024,2.5879024
D2ds – D64ds v4,D16ds v4,16,64,1532.9,1.5329,,,,,,,,,i3,i3.metal,72,512,2587.9024,2.5879024
D2ds – D64ds v4,D2ds v4,2,8,1532.9,1.5329,,,,,,,,,i3en,i3en.large,2,16,2942.9488,2.9429488
D2ds – D64ds v4,D32ds v4,32,128,1532.9,1.5329,,,,,,,,,i3en,i3en.xlarge,4,32,2942.9488,2.9429488
D2ds – D64ds v4,D48ds v4,48,192,1532.9,1.5329,,,,,,,,,i3en,i3en.2xlarge,8,64,2942.9488,2.9429488
D2ds – D64ds v4,D4ds v4,4,16,1532.9,1.5329,,,,,,,,,i3en,i3en.3xlarge,12,96,2942.9488,2.9429488
D2ds – D64ds v4,D64ds v4,64,256,1532.9,1.5329,,,,,,,,,i3en,i3en.6xlarge,24,192,2942.9488,2.9429488
D2ds – D64ds v4,D8ds v4,8,32,1532.9,1.5329,,,,,,,,,i3en,i3en.12xlarge,48,384,2942.9488,2.9429488
D2s – D64s v4,D16s v4,16,64,1507.9,1.5079,,,,,,,,,i3en,i3en.24xlarge,96,768,2942.9488,2.9429488
D2s – D64s v4,D2s v4,2,8,1432.9,1.4329,,,,,,,,,i3en,i3en.metal,96,768,2942.9488,2.9429488
D2s – D64s v4,D32s v4,32,128,1432.9,1.4329,,,,,,,,,inf1,inf1.xlarge,4,8,1344.0944,1.3440944
D2s – D64s v4,D48s v4,48,192,1432.9,1.4329,,,,,,,,,inf1,inf1.2xlarge,8,16,1344.0944,1.3440944
D2s – D64s v4,D4s v4,4,16,1432.9,1.4329,,,,,,,,,inf1,inf1.6xlarge,24,48,1344.0944,1.3440944
D2s – D64s v4,D64s v4,64,256,1432.9,1.4329,,,,,,,,,inf1,inf1.24xlarge,96,192,1344.0944,1.3440944
D2s – D64s v4,D8s v4,8,32,1432.9,1.4329,,,,,,,,,m1,m1.small,1,1.7,1644.2376,1.6442376
D2s-64s v3,D16s v3,16,64,1445.4,1.4454,,,,,,,,,m1,m1.medium,1,3.75,1644.2376,1.6442376
D2s-64s v3,D2s v3,2,8,1482.9,1.4829,,,,,,,,,m1,m1.large,2,7.5,1644.2376,1.6442376
D2s-64s v3,D32s v3,32,128,1482.9,1.4829,,,,,,,,,m1,m1.xlarge,4,15,1644.2376,1.6442376
D2s-64s v3,D48s v3,48,192,1482.9,1.4829,,,,,,,,,m2,m2.xlarge,2,17.1,1666.1416,1.6661416
D2s-64s v3,D4s v3,4,16,1482.9,1.4829,,,,,,,,,m2,m2.2xlarge,4,34.2,1666.1416,1.6661416
D2s-64s v3,D64s v3,64,256,1482.9,1.4829,,,,,,,,,m2,m2.4xlarge,8,68.4,1666.1416,1.6661416
D2s-64s v3,D8s v3,8,32,1482.9,1.4829,,,,,,,,,m3,m3.medium,1,3.75,1610.6656,1.6106656
DCsv2-series,DC1s v2,1,4,1172.2,1.1722,,,,,,,,,m3,m3.large,2,7.5,1610.6656,1.6106656
DCsv2-series,DC2s v2,2,8,1172.2,1.1722,,,,,,,,,m3,m3.xlarge,4,15,1610.6656,1.6106656
DCsv2-series,DC4s v2,4,16,1172.2,1.1722,,,,,,,,,m3,m3.2xlarge,8,30,1610.6656,1.6106656
DCsv2-series,DC8 v2,8,32,1172.2,1.1722,,,,,,,,,m4,m4.large,2,8,1432.856,1.432856
E2 – E64 v4,E16 v4,16,128,2009.8,2.0098,,,,,,,,,m4,m4.xlarge,4,16,1432.856,1.432856
E2 – E64 v4,E2 v4,2,16,2009.8,2.0098,,,,,,,,,m4,m4.2xlarge,8,32,1432.856,1.432856
E2 – E64 v4,E32 v4,32,256,2009.8,2.0098,,,,,,,,,m4,m4.4xlarge,16,64,1432.856,1.432856
E2 – E64 v4,E4 v4,4,32,2009.8,2.0098,,,,,,,,,m4,m4.10xlarge,40,160,1432.856,1.432856
E2 – E64 v4,E48 v4,48,384,2009.8,2.0098,,,,,,,,,m4,m4.16xlarge,64,256,1432.856,1.432856
E2 – E64 v4,E64 v4,64,504,2009.8,2.0098,,,,,,,,,m5,m5.large,2,8,1610.3792,1.6103792
E2 – E64 v4,E8 v4,8,64,2009.8,2.0098,,,,,,,,,m5,m5.xlarge,4,16,1610.3792,1.6103792
E2 – E96 v5,E16 v5,16,128,2009.8,2.0098,,,,,,,,,m5,m5.2xlarge,8,32,1610.3792,1.6103792
E2 – E96 v5,E2 v5,2,16,2009.8,2.0098,,,,,,,,,m5,m5.4xlarge,16,64,1610.3792,1.6103792
E2 – E96 v5,E20 v5,20,160,2009.8,2.0098,,,,,,,,,m5,m5.8xlarge,32,128,1610.3792,1.6103792
E2 – E96 v5,E32 v5,32,256,2009.8,2.0098,,,,,,,,,m5,m5.12xlarge,48,192,1610.3792,1.6103792
E2 – E96 v5,E4 v5,4,32,2009.8,2.0098,,,,,,,,,m5,m5.16xlarge,64,256,1610.3792,1.6103792
E2 – E96 v5,E48 v5,48,384,2009.8,2.0098,,,,,,,,,m5,m5.24xlarge,96,384,1610.3792,1.6103792
E2 – E96 v5,E64 v5,64,512,2009.8,2.0098,,,,,,,,,m5,m5.metal,96,384,1610.3792,1.6103792
E2 – E96 v5,E8 v5,8,64,2009.8,2.0098,,,,,,,,,m5a,m5a.large,2,8,1610.3792,1.6103792
E2 – E96 v5,E96 v5,96,672,2009.8,2.0098,,,,,,,,,m5a,m5a.xlarge,4,16,1610.3792,1.6103792
E2-64 v3,E16 v3,16,128,1915.5,1.9155,,,,,,,,,m5a,m5a.2xlarge,8,32,1610.3792,1.6103792
E2-64 v3,E2 v3,2,16,1727.0,1.727,,,,,,,,,m5a,m5a.4xlarge,16,64,1610.3792,1.6103792
E2-64 v3,E20 v3,20,160,1727.0,1.727,,,,,,,,,m5a,m5a.8xlarge,32,128,1610.3792,1.6103792
E2-64 v3,E32 v3,32,256,1727.0,1.727,,,,,,,,,m5a,m5a.12xlarge,48,192,1610.3792,1.6103792
E2-64 v3,E4 v3,4,32,1727.0,1.727,,,,,,,,,m5a,m5a.16xlarge,64,256,1610.3792,1.6103792
E2-64 v3,E48 v3,48,384,1727.0,1.727,,,,,,,,,m5a,m5a.24xlarge,96,384,1610.3792,1.6103792
E2-64 v3,E64 v3,64,432,1727.0,1.727,,,,,,,,,m5ad,m5ad.large,2,8,2010.3792,2.0103792
E2-64 v3,E64i v3 1,64,432,1727.0,1.727,,,,,,,,,m5ad,m5ad.xlarge,4,16,2010.3792,2.0103792
E2-64 v3,E8 v3,8,64,1727.0,1.727,,,,,,,,,m5ad,m5ad.2xlarge,8,32,2010.3792,2.0103792
E2a – E96a v4,E16a v4,16,128,1959.8,1.9598,,,,,,,,,m5ad,m5ad.4xlarge,16,64,2010.3792,2.0103792
E2a – E96a v4,E20a v4,20,160,1959.8,1.9598,,,,,,,,,m5ad,m5ad.8xlarge,32,128,2010.3792,2.0103792
E2a – E96a v4,E2a v4,2,16,1959.8,1.9598,,,,,,,,,m5ad,m5ad.12xlarge,48,192,2010.3792,2.0103792
E2a – E96a v4,E32a v4,32,256,1959.8,1.9598,,,,,,,,,m5ad,m5ad.16xlarge,64,256,2010.3792,2.0103792
E2a – E96a v4,E48a v4,48,384,1959.8,1.9598,,,,,,,,,m5ad,m5ad.24xlarge,96,384,2010.3792,2.0103792
E2a – E96a v4,E4a v4,4,32,1959.8,1.9598,,,,,,,,,m5d,m5d.large,2,8,2010.3792,2.0103792
E2a – E96a v4,E64a v4,64,512,1959.8,1.9598,,,,,,,,,m5d,m5d.xlarge,4,16,2010.3792,2.0103792
E2a – E96a v4,E8a v4,8,64,1959.8,1.9598,,,,,,,,,m5d,m5d.2xlarge,8,32,2010.3792,2.0103792
E2a – E96a v4,E96a v4,96,672,1959.8,1.9598,,,,,,,,,m5d,m5d.4xlarge,16,64,2010.3792,2.0103792
E2as – E96as v4,E16as v4,16,128,2009.8,2.0098,,,,,,,,,m5d,m5d.8xlarge,32,128,2010.3792,2.0103792
E2as – E96as v4,E20as v4,20,160,2009.8,2.0098,,,,,,,,,m5d,m5d.12xlarge,48,192,2010.3792,2.0103792
E2as – E96as v4,E2as v4,2,16,2009.8,2.0098,,,,,,,,,m5d,m5d.16xlarge,64,256,2010.3792,2.0103792
E2as – E96as v4,E32as v4,32,256,2009.8,2.0098,,,,,,,,,m5d,m5d.24xlarge,96,384,2010.3792,2.0103792
E2as – E96as v4,E48as v4,48,384,2009.8,2.0098,,,,,,,,,m5d,m5d.metal,96,384,2010.3792,2.0103792
E2as – E96as v4,E4as v4,4,32,2009.8,2.0098,,,,,,,,,m5dn,m5dn.large,2,8,2010.3792,2.0103792
E2as – E96as v4,E64as v4,64,512,2009.8,2.0098,,,,,,,,,m5dn,m5dn.xlarge,4,16,2010.3792,2.0103792
E2as – E96as v4,E8as v4,8,64,2009.8,2.0098,,,,,,,,,m5dn,m5dn.2xlarge,8,32,2010.3792,2.0103792
E2as – E96as v4,E96as v4,96,672,2009.8,2.0098,,,,,,,,,m5dn,m5dn.4xlarge,16,64,2010.3792,2.0103792
E2d – E64d v4,E16d v4,16,128,1876.8,1.8768,,,,,,,,,m5dn,m5dn.8xlarge,32,128,2010.3792,2.0103792
E2d – E64d v4,E20d v4,20,160,1876.8,1.8768,,,,,,,,,m5dn,m5dn.12xlarge,48,192,2010.3792,2.0103792
E2d – E64d v4,E2d v4,2,16,1876.8,1.8768,,,,,,,,,m5dn,m5dn.16xlarge,64,256,2010.3792,2.0103792
E2d – E64d v4,E32d v4,32,256,1876.8,1.8768,,,,,,,,,m5dn,m5dn.24xlarge,96,384,2010.3792,2.0103792
E2d – E64d v4,E48d v4,48,384,1876.8,1.8768,,,,,,,,,m5dn,m5dn.metal,96,384,2010.3792,2.0103792
E2d – E64d v4,E4d v4,4,32,1876.8,1.8768,,,,,,,,,m5n,m5n.large,2,8,1610.3792,1.6103792
E2d – E64d v4,E64d v4,64,504,1876.8,1.8768,,,,,,,,,m5n,m5n.xlarge,4,16,1610.3792,1.6103792
E2d – E64d v4,E8d v4,8,64,1876.8,1.8768,,,,,,,,,m5n,m5n.2xlarge,8,32,1610.3792,1.6103792
E2ds – E64ds v4,E16ds v4,16,128,1876.8,1.8768,,,,,,,,,m5n,m5n.4xlarge,16,64,1610.3792,1.6103792
E2ds – E64ds v4,E20ds v4,20,160,1876.8,1.8768,,,,,,,,,m5n,m5n.8xlarge,32,128,1610.3792,1.6103792
E2ds – E64ds v4,E2ds v4,2,16,1876.8,1.8768,,,,,,,,,m5n,m5n.12xlarge,48,192,1610.3792,1.6103792
E2ds – E64ds v4,E32ds v4,32,256,1876.8,1.8768,,,,,,,,,m5n,m5n.16xlarge,64,256,1610.3792,1.6103792
E2ds – E64ds v4,E48ds v4,48,384,1876.8,1.8768,,,,,,,,,m5n,m5n.24xlarge,96,384,1610.3792,1.6103792
E2ds – E64ds v4,E4ds v4,4,32,1876.8,1.8768,,,,,,,,,m5n,m5n.metal,96,384,1610.3792,1.6103792
E2ds – E64ds v4,E64ds v4,64,504,1876.8,1.8768,,,,,,,,,m5zn,m5zn.large,2,8,1344.0944,1.3440944
E2ds – E64ds v4,E80ids v4 1,80,504,1876.8,1.8768,,,,,,,,,m5zn,m5zn.xlarge,4,16,1344.0944,1.3440944
E2ds – E64ds v4,E8ds v4,8,64,1876.8,1.8768,,,,,,,,,m5zn,m5zn.2xlarge,8,32,1344.0944,1.3440944
E2s – E64s v4,E80is v4 1,80,504,1826.8,1.8268,,,,,,,,,m5zn,m5zn.3xlarge,12,48,1344.0944,1.3440944
E2s – E64s v4,E16s v4,16,128,1776.8,1.7768,,,,,,,,,m5zn,m5zn.6xlarge,24,96,1344.0944,1.3440944
E2s – E64s v4,E20s v4,20,160,1776.8,1.7768,,,,,,,,,m5zn,m5zn.12xlarge,48,192,1344.0944,1.3440944
E2s – E64s v4,E2s v4,2,16,1776.8,1.7768,,,,,,,,,m5zn,m5zn.metal,48,192,1344.0944,1.3440944
E2s – E64s v4,E32s v4,32,256,1776.8,1.7768,,,,,,,,,m6g,m6g.medium,1,4,1332.856,1.332856
E2s – E64s v4,E48s v4,48,384,1776.8,1.7768,,,,,,,,,m6g,m6g.large,2,8,1332.856,1.332856
E2s – E64s v4,E4s v4,4,32,1776.8,1.7768,,,,,,,,,m6g,m6g.xlarge,4,16,1332.856,1.332856
E2s – E64s v4,E64s v4,64,504,1776.8,1.7768,,,,,,,,,m6g,m6g.2xlarge,8,32,1332.856,1.332856
E2s – E64s v4,E8s v4,8,64,1776.8,1.7768,,,,,,,,,m6g,m6g.4xlarge,16,64,1332.856,1.332856
E2s-64s v3,E16s v3,16,128,1793.5,1.7935,,,,,,,,,m6g,m6g.8xlarge,32,128,1332.856,1.332856
E2s-64s v3,E20s v3,20,160,1777.0,1.777,,,,,,,,,m6g,m6g.12xlarge,48,192,1332.856,1.332856
E2s-64s v3,E2s v3,2,16,1777.0,1.777,,,,,,,,,m6g,m6g.16xlarge,64,256,1332.856,1.332856
E2s-64s v3,E32s v3,32,256,1777.0,1.777,,,,,,,,,m6g,m6g.metal,64,256,1332.856,1.332856
E2s-64s v3,E48s v3,48,384,1777.0,1.777,,,,,,,,,m6gd,m6gd.medium,1,4,1532.856,1.532856
E2s-64s v3,E4s v3,4,32,1777.0,1.777,,,,,,,,,m6gd,m6gd.large,2,8,1532.856,1.532856
E2s-64s v3,E64is v3 1,64,432,1777.0,1.777,,,,,,,,,m6gd,m6gd.xlarge,4,16,1532.856,1.532856
E2s-64s v3,E64s v3,64,432,1777.0,1.777,,,,,,,,,m6gd,m6gd.2xlarge,8,32,1532.856,1.532856
E2s-64s v3,E8s v3,8,64,1777.0,1.777,,,,,,,,,m6gd,m6gd.4xlarge,16,64,1532.856,1.532856
F-series,F1,1,2,1638.3,1.6383,,,,,,,,,m6gd,m6gd.8xlarge,32,128,1532.856,1.532856
F-series,F16,16,32,1222.2,1.2222,,,,,,,,,m6gd,m6gd.12xlarge,48,192,1532.856,1.532856
F-series,F2,2,4,1222.2,1.2222,,,,,,,,,m6gd,m6gd.16xlarge,64,256,1532.856,1.532856
F-series,F4,4,8,1222.2,1.2222,,,,,,,,,m6gd,m6gd.metal,64,256,1532.856,1.532856
F-series,F8,8,16,1222.2,1.2222,,,,,,,,,m6i,m6i.large,2,8,1787.9024,1.7879024
Fs-Series,F16s,16,32,1222.2,1.2222,,,,,,,,,m6i,m6i.xlarge,4,16,1787.9024,1.7879024
Fs-Series,F1s,1,2,1222.2,1.2222,,,,,,,,,m6i,m6i.2xlarge,8,32,1787.9024,1.7879024
Fs-Series,F2s,2,4,1222.2,1.2222,,,,,,,,,m6i,m6i.4xlarge,16,64,1787.9024,1.7879024
Fs-Series,F4s,4,8,1222.2,1.2222,,,,,,,,,m6i,m6i.8xlarge,32,128,1787.9024,1.7879024
Fs-Series,F8s,8,16,1222.2,1.2222,,,,,,,,,m6i,m6i.12xlarge,48,192,1787.9024,1.7879024
Fsv2-series,F8s v2,8,16,1588.3,1.5883,,,,,,,,,m6i,m6i.16xlarge,64,256,1787.9024,1.7879024
Fsv2-series,F16s v2,16,32,1299.9,1.2999,,,,,,,,,m6i,m6i.24xlarge,96,384,1787.9024,1.7879024
Fsv2-series,F2s v2,2,4,1377.5,1.3775,,,,,,,,,m6i,m6i.32xlarge,128,512,1787.9024,1.7879024
Fsv2-series,F32s v2,32,64,1377.5,1.3775,,,,,,,,,mac1,mac1.metal,12,32,1022.1904,1.0221904
Fsv2-series,F48s v2,48,96,1377.5,1.3775,,,,,,,,,p2,p2.xlarge,4,61,4493.0204,4.4930204
Fsv2-series,F4s v2,4,8,1377.5,1.3775,,,,,,,,,p2,p2.8xlarge,32,488,4493.0204,4.4930204
Fsv2-series,F64s v2,64,128,1377.5,1.3775,,,,,,,,,p2,p2.16xlarge,64,732,4493.0204,4.4930204
Fsv2-series,F72s v2,72,144,1377.5,1.3775,,,,,,,,,p3,p3.2xlarge,8,61,3542.9488,3.5429488
G-series,G1,2,28,1749.1,1.7491,,,,,,,,,p3,p3.8xlarge,32,244,3542.9488,3.5429488
G-series,G2,4,56,1749.1,1.7491,,,,,,,,,p3,p3.16xlarge,64,488,3542.9488,3.5429488
G-series,G3,8,112,1749.1,1.7491,,,,,,,,,p3dn,p3dn.24xlarge,96,768,3542.9488,3.5429488
G-series,G4,16,224,1749.1,1.7491,,,,,,,,,p4d,p4d.24xlarge,96,1152,4675.5184,4.6755184
G-series,G5,32,448,1749.1,1.7491,,,,,,,,,ra3,ra3.4xlarge,12,96,2110.3792,2.1103792
Gs-Series,Gs1,2,28,1749.1,1.7491,,,,,,,,,ra3,ra3.16xlarge,48,384,2110.3792,2.1103792
Gs-Series,Gs2,4,56,1749.1,1.7491,,,,,,,,,r3,r3.large,2,15.25,1616.2132,1.6162132
Gs-Series,Gs3,8,112,1749.1,1.7491,,,,,,,,,r3,r3.xlarge,4,30.5,1616.2132,1.6162132
Gs-Series,Gs4,16,224,1749.1,1.7491,,,,,,,,,r3,r3.2xlarge,8,61,1616.2132,1.6162132
Gs-Series,Gs5,32,448,1749.1,1.7491,,,,,,,,,r3,r3.4xlarge,16,122,1616.2132,1.6162132
H-series,H16,16,112,1438.5,1.4385,,,,,,,,,r3,r3.8xlarge,32,244,1616.2132,1.6162132
H-series,H16m,16,224,1438.5,1.4385,,,,,,,,,r4,r4.large,2,15.25,1754.6168,1.7546168
H-series,H16mr,16,224,1438.5,1.4385,,,,,,,,,r4,r4.xlarge,4,30.5,1754.6168,1.7546168
H-series,H16r,16,112,1438.5,1.4385,,,,,,,,,r4,r4.2xlarge,8,61,1754.6168,1.7546168
H-series,H8,8,56,1438.5,1.4385,,,,,,,,,r4,r4.4xlarge,16,122,1754.6168,1.7546168
H-series,H8m,8,112,1438.5,1.4385,,,,,,,,,r4,r4.8xlarge,32,244,1754.6168,1.7546168
H-series promo,H16 Promo,16,112,1438.5,1.4385,,,,,,,,,r4,r4.16xlarge,64,488,1754.6168,1.7546168
H-series promo,H16m Promo,16,224,1438.5,1.4385,,,,,,,,,r5,r5.large,2,16,2142.9488,2.1429488
H-series promo,H16mr Promo,16,224,1438.5,1.4385,,,,,,,,,r5,r5.xlarge,4,32,2142.9488,2.1429488
H-series promo,H16r Promo,16,112,1438.5,1.4385,,,,,,,,,r5,r5.2xlarge,8,64,2142.9488,2.1429488
H-series promo,H8 Promo,8,56,1438.5,1.4385,,,,,,,,,r5,r5.4xlarge,16,128,2142.9488,2.1429488
H-series promo,H8m Promo,8,112,1438.5,1.4385,,,,,,,,,r5,r5.8xlarge,32,256,2142.9488,2.1429488
HBv2-series,HB120rs v2,120,480,1693.5,1.6935,,,,,,,,,r5,r5.12xlarge,48,384,2142.9488,2.1429488
HBv3-series,HB120rs v3,120,448,1699.1,1.6991,,,,,,,,,r5,r5.16xlarge,64,512,2142.9488,2.1429488
Ls-series,L16s,16,128,1532.9,1.5329,,,,,,,,,r5,r5.24xlarge,96,768,2142.9488,2.1429488
Ls-series,L32s,32,256,1532.9,1.5329,,,,,,,,,r5,r5.metal,96,768,2142.9488,2.1429488
Ls-series,L4s,4,32,1532.9,1.5329,,,,,,,,,r5a,r5a.large,2,16,2142.9488,2.1429488
Ls-series,L8s,8,64,1532.9,1.5329,,,,,,,,,r5a,r5a.xlarge,4,32,2142.9488,2.1429488
Lsv2-series,L16s v2,16,128,2015.4,2.0154,,,,,,,,,r5a,r5a.2xlarge,8,64,2142.9488,2.1429488
Lsv2-series,L32s v2,32,256,2015.4,2.0154,,,,,,,,,r5a,r5a.4xlarge,16,128,2142.9488,2.1429488
Lsv2-series,L48s v2,48,384,2015.4,2.0154,,,,,,,,,r5a,r5a.8xlarge,32,256,2142.9488,2.1429488
Lsv2-series,L64s v2,64,512,2015.4,2.0154,,,,,,,,,r5a,r5a.12xlarge,48,384,2142.9488,2.1429488
Lsv2-series,L80s v2,80,640,2015.4,2.0154,,,,,,,,,r5a,r5a.16xlarge,64,512,2142.9488,2.1429488
Lsv2-series,L8s v2,8,64,2015.4,2.0154,,,,,,,,,r5a,r5a.24xlarge,96,768,2142.9488,2.1429488
M-series,M8ms,8,219,6808.6,6.8086,,,,,,,,,r5ad,r5ad.large,2,16,2542.9488,2.5429488
M-series,M128 1,128,2048,4270.5,4.2705,,,,,,,,,r5ad,r5ad.xlarge,4,32,2542.9488,2.5429488
M-series,M128m 1,128,3892,6525.6,6.5256,,,,,,,,,r5ad,r5ad.2xlarge,8,64,2542.9488,2.5429488
M-series,M128ms,128,3892,6525.6,6.5256,,,,,,,,,r5ad,r5ad.4xlarge,16,128,2542.9488,2.5429488
M-series,M128s,128,2048,6525.6,6.5256,,,,,,,,,r5ad,r5ad.8xlarge,32,256,2542.9488,2.5429488
M-series,M16ms,16,438,6525.6,6.5256,,,,,,,,,r5ad,r5ad.12xlarge,48,384,2542.9488,2.5429488
M-series,M32ls,32,256,6525.6,6.5256,,,,,,,,,r5ad,r5ad.16xlarge,64,512,2542.9488,2.5429488
M-series,M32ms,32,875,6525.6,6.5256,,,,,,,,,r5ad,r5ad.24xlarge,96,768,2542.9488,2.5429488
M-series,M32ts,32,192,6525.6,6.5256,,,,,,,,,r5d,r5d.large,2,16,2542.9488,2.5429488
M-series,M64 1,64,1024,6525.6,6.5256,,,,,,,,,r5d,r5d.xlarge,4,32,2542.9488,2.5429488
M-series,M64ls,64,512,6525.6,6.5256,,,,,,,,,r5d,r5d.2xlarge,8,64,2542.9488,2.5429488
M-series,M64m 1,64,1792,6525.6,6.5256,,,,,,,,,r5d,r5d.4xlarge,16,128,2542.9488,2.5429488
M-series,M64ms,64,1792,6525.6,6.5256,,,,,,,,,r5d,r5d.8xlarge,32,256,2542.9488,2.5429488
M-series,M64s,64,1024,6525.6,6.5256,,,,,,,,,r5d,r5d.12xlarge,48,384,2542.9488,2.5429488
Mdsv2-series,M128dms v2,128,3892,6808.6,6.8086,,,,,,,,,r5d,r5d.16xlarge,64,512,2542.9488,2.5429488
Mdsv2-series,M128ds v2,128,2048,6808.6,6.8086,,,,,,,,,r5d,r5d.24xlarge,96,768,2542.9488,2.5429488
Mdsv2-series,M192idms v2,192,4096,6808.6,6.8086,,,,,,,,,r5d,r5d.metal,96,768,2542.9488,2.5429488
Mdsv2-series,M192ids v2,192,2048,6808.6,6.8086,,,,,,,,,r5dn,r5dn.large,2,16,2542.9488,2.5429488
Mdsv2-series,M32dms v2,32,875,6808.6,6.8086,,,,,,,,,r5dn,r5dn.xlarge,4,32,2542.9488,2.5429488
Mdsv2-series,M64dms v2,64,1792,6808.6,6.8086,,,,,,,,,r5dn,r5dn.2xlarge,8,64,2542.9488,2.5429488
Mdsv2-series,M64ds v2,64,1024,6808.6,6.8086,,,,,,,,,r5dn,r5dn.4xlarge,16,128,2542.9488,2.5429488
Msv2-series,M64s v2,64,1024,16888.5,16.8885,,,,,,,,,r5dn,r5dn.8xlarge,32,256,2542.9488,2.5429488
Msv2-series,M128ms v2,128,3892,6758.6,6.7586,,,,,,,,,r5dn,r5dn.12xlarge,48,384,2542.9488,2.5429488
Msv2-series,M128s v2,128,2048,6758.6,6.7586,,,,,,,,,r5dn,r5dn.16xlarge,64,512,2542.9488,2.5429488
Msv2-series,M192ims v2,192,4096,6758.6,6.7586,,,,,,,,,r5dn,r5dn.24xlarge,96,768,2542.9488,2.5429488
Msv2-series,M192is v2,192,2048,6758.6,6.7586,,,,,,,,,r5dn,r5dn.metal,96,768,2542.9488,2.5429488
Msv2-series,M32ms v2,32,875,6758.6,6.7586,,,,,,,,,r5n,r5n.large,2,16,2142.9488,2.1429488
Msv2-series,M64ms v2,64,1792,6758.6,6.7586,,,,,,,,,r5n,r5n.xlarge,4,32,2142.9488,2.1429488
Mv2-series,M208ms v2,208,5700,16938.5,16.9385,,,,,,,,,r5n,r5n.2xlarge,8,64,2142.9488,2.1429488
Mv2-series,M208s v2,208,2850,16938.5,16.9385,,,,,,,,,r5n,r5n.4xlarge,16,128,2142.9488,2.1429488
Mv2-series,M416ms v2,416,11400,16938.5,16.9385,,,,,,,,,r5n,r5n.8xlarge,32,256,2142.9488,2.1429488
Mv2-series,M416s v2,416,5700,16938.5,16.9385,,,,,,,,,r5n,r5n.12xlarge,48,384,2142.9488,2.1429488
NC-series,NC12,12,112,2038.5,2.0385,,,,,,,,,r5n,r5n.16xlarge,64,512,2142.9488,2.1429488
NC-series,NC24,24,224,2038.5,2.0385,,,,,,,,,r5n,r5n.24xlarge,96,768,2142.9488,2.1429488
NC-series,NC24r,24,224,2038.5,2.0385,,,,,,,,,r5n,r5n.metal,96,768,2142.9488,2.1429488
NC-series,NC6,6,56,2038.5,2.0385,,,,,,,,,r5b,r5b.large,2,16,2142.9488,2.1429488
NC-series Promo,NC12 Promo,12,112,2038.5,2.0385,,,,,,,,,r5b,r5b.xlarge,4,32,2142.9488,2.1429488
NC-series Promo,NC24 Promo,24,224,2038.5,2.0385,,,,,,,,,r5b,r5b.2xlarge,8,64,2142.9488,2.1429488
NC-series Promo,NC24r Promo,24,224,2038.5,2.0385,,,,,,,,,r5b,r5b.4xlarge,16,128,2142.9488,2.1429488
NC-series Promo,NC6 Promo,6,56,2038.5,2.0385,,,,,,,,,r5b,r5b.8xlarge,32,256,2142.9488,2.1429488
NCas_T4_v3 Series,NC16as T4 v3,16,112,2349.1,2.3491,,,,,,,,,r5b,r5b.12xlarge,48,384,2142.9488,2.1429488
NCas_T4_v3 Series,NC4as T4 v3,4,28,2349.1,2.3491,,,,,,,,,r5b,r5b.16xlarge,64,512,2142.9488,2.1429488
NCas_T4_v3 Series,NC64as T4 v3,64,448,2349.1,2.3491,,,,,,,,,r5b,r5b.24xlarge,96,768,2142.9488,2.1429488
NCas_T4_v3 Series,NC8as T4 v3,8,56,2349.1,2.3491,,,,,,,,,r5b,r5b.metal,96,768,2142.9488,2.1429488
NCsv2-series,NC12s v2,12,224,2349.1,2.3491,,,,,,,,,r6g,r6g.medium,1,8,1687.9024,1.6879024
NCsv2-series,NC24rs v2,24,448,2349.1,2.3491,,,,,,,,,r6g,r6g.large,2,16,1687.9024,1.6879024
NCsv2-series,NC24s v2,24,448,2349.1,2.3491,,,,,,,,,r6g,r6g.xlarge,4,32,1687.9024,1.6879024
NCsv2-series,NC6s v2,6,112,2349.1,2.3491,,,,,,,,,r6g,r6g.2xlarge,8,64,1687.9024,1.6879024
NCsv3-series,NC12s v3,12,224,2349.1,2.3491,,,,,,,,,r6g,r6g.4xlarge,16,128,1687.9024,1.6879024
NCsv3-series,NC24rs v3,24,448,2349.1,2.3491,,,,,,,,,r6g,r6g.8xlarge,32,256,1687.9024,1.6879024
NCsv3-series,NC24s v3,24,448,2349.1,2.3491,,,,,,,,,r6g,r6g.12xlarge,48,384,1687.9024,1.6879024
NCsv3-series,NC6s v3,6,112,2349.1,2.3491,,,,,,,,,r6g,r6g.16xlarge,64,512,1687.9024,1.6879024
NDs-series,ND12s,12,224,2349.1,2.3491,,,,,,,,,r6g,r6g.metal,64,512,1687.9024,1.6879024
NDs-series,ND24rs,24,448,2349.1,2.3491,,,,,,,,,r6gd,r6gd.medium,1,8,1887.9024,1.8879024
NDs-series,ND24s,24,448,2349.1,2.3491,,,,,,,,,r6gd,r6gd.large,2,16,1887.9024,1.8879024
NDs-series,ND6s,6,112,2349.1,2.3491,,,,,,,,,r6gd,r6gd.xlarge,4,32,1887.9024,1.8879024
NDv2 Series,ND40rs v2,40,672,3259.8,3.2598,,,,,,,,,r6gd,r6gd.2xlarge,8,64,1887.9024,1.8879024
NP-Series,NP10s,10,192,2192.9,2.1929,,,,,,,,,r6gd,r6gd.4xlarge,16,128,1887.9024,1.8879024
NP-Series,NP20s,20,384,2192.9,2.1929,,,,,,,,,r6gd,r6gd.8xlarge,32,256,1887.9024,1.8879024
NP-Series,NP40s,40,768,2192.9,2.1929,,,,,,,,,r6gd,r6gd.12xlarge,48,384,1887.9024,1.8879024
NV-series,NV12,12,112,2038.5,2.0385,,,,,,,,,r6gd,r6gd.16xlarge,64,512,1887.9024,1.8879024
NV-series,NV24,24,224,2038.5,2.0385,,,,,,,,,r6gd,r6gd.metal,64,512,1887.9024,1.8879024
NV-series,NV6,6,56,2038.5,2.0385,,,,,,,,,t1,t1.micro,1,0.613,1277.5232,1.2775232
NVv3-series,NV12s v3,12,112,2349.1,2.3491,,,,,,,,,t2,t2.nano,1,0.5,1477.2368,1.4772368
NVv3-series,NV24s v3,24,224,2349.1,2.3491,,,,,,,,,t2,t2.micro,1,1,1477.2368,1.4772368
NVv3-series,NV48s v3,48,448,2349.1,2.3491,,,,,,,,,t2,t2.small,1,2,1477.2368,1.4772368
SAP HANA on Azure Large Instances,S192,192,2048,17770.6,17.7706,,,,,,,,,t2,t2.medium,2,4,1477.2368,1.4772368
SAP HANA on Azure Large Instances,S192m,192,4096,17770.6,17.7706,,,,,,,,,t2,t2.large,2,8,1477.2368,1.4772368
SAP HANA on Azure Large Instances,S192xm,192,6144,17770.6,17.7706,,,,,,,,,t2,t2.xlarge,4,16,1477.2368,1.4772368
SAP HANA on Azure Large Instances,S384,384,4096,17770.6,17.7706,,,,,,,,,t2,t2.2xlarge,8,32,1477.2368,1.4772368
SAP HANA on Azure Large Instances,S384m,384,6144,17770.6,17.7706,,,,,,,,,t3,t3.nano,2,0.5,1610.3792,1.6103792
SAP HANA on Azure Large Instances,S384xm,384,8192,17770.6,17.7706,,,,,,,,,t3,t3.micro,2,1,1610.3792,1.6103792
SAP HANA on Azure Large Instances,S384xxm,384,12000,17770.6,17.7706,,,,,,,,,t3,t3.small,2,2,1610.3792,1.6103792
SAP HANA on Azure Large Instances,S576m,576,12000,17770.6,17.7706,,,,,,,,,t3,t3.medium,2,4,1610.3792,1.6103792
SAP HANA on Azure Large Instances,S96,96,768,17770.6,17.7706,,,,,,,,,t3,t3.large,2,8,1610.3792,1.6103792
SAP HANA on Azure Large Instances (second generation),S224,224,3072,52254.5,52.2545,,,,,,,,,t3,t3.xlarge,4,16,1610.3792,1.6103792
SAP HANA on Azure Large Instances (second generation),S224m,224,6144,52254.5,52.2545,,,,,,,,,t3,t3.2xlarge,8,32,1610.3792,1.6103792
SAP HANA on Azure Large Instances (second generation),S224om,224,6144,52254.5,52.2545,,,,,,,,,t3a,t3a.nano,2,0.5,1610.3792,1.6103792
SAP HANA on Azure Large Instances (second generation),S224oo,224,4608,52254.5,52.2545,,,,,,,,,t3a,t3a.micro,2,1,1610.3792,1.6103792
SAP HANA on Azure Large Instances (second generation),S224oom,224,9216,52254.5,52.2545,,,,,,,,,t3a,t3a.small,2,2,1610.3792,1.6103792
SAP HANA on Azure Large Instances (second generation),S224ooo,224,7680,52254.5,52.2545,,,,,,,,,t3a,t3a.medium,2,4,1610.3792,1.6103792
SAP HANA on Azure Large Instances (second generation),S448,448,6144,52254.5,52.2545,,,,,,,,,t3a,t3a.large,2,8,1610.3792,1.6103792
SAP HANA on Azure Large Instances (second generation),S448m,448,12288,52254.5,52.2545,,,,,,,,,t3a,t3a.xlarge,4,16,1610.3792,1.6103792
SAP HANA on Azure Large Instances (second generation),S448om,448,12288,52254.5,52.2545,,,,,,,,,t3a,t3a.2xlarge,8,32,1610.3792,1.6103792
SAP HANA on Azure Large Instances (second generation),S448oo,448,9216,52254.5,52.2545,,,,,,,,,t4g,t4g.nano,2,0.5,1332.856,1.332856
SAP HANA on Azure Large Instances (second generation),S448oom,448,18432,52254.5,52.2545,,,,,,,,,t4g,t4g.micro,2,1,1332.856,1.332856
SAP HANA on Azure Large Instances (second generation),S448ooo,448,15360,52254.5,52.2545,,,,,,,,,t4g,t4g.small,2,2,1332.856,1.332856
SAP HANA on Azure Large Instances (second generation),S672,672,9216,52254.5,52.2545,,,,,,,,,t4g,t4g.medium,2,4,1332.856,1.332856
SAP HANA on Azure Large Instances (second generation),S672m,672,18432,52254.5,52.2545,,,,,,,,,t4g,t4g.large,2,8,1332.856,1.332856
SAP HANA on Azure Large Instances (second generation),S672om,672,18432,52254.5,52.2545,,,,,,,,,t4g,t4g.xlarge,4,16,1332.856,1.332856
SAP HANA on Azure Large Instances (second generation),S672oo,672,13824,52254.5,52.2545,,,,,,,,,t4g,t4g.2xlarge,8,32,1332.856,1.332856
SAP HANA on Azure Large Instances (second generation),S672oom,672,27648,52254.5,52.2545,,,,,,,,,u-6tb1,u-6tb1.metal,448,6144,35762.264,35.762264
SAP HANA on Azure Large Instances (second generation),S672ooo,672,23040,52254.5,52.2545,,,,,,,,,u-9tb1,u-9tb1.metal,448,9216,35762.264,35.762264
SAP HANA on Azure Large Instances (second generation),S896,896,12288,52254.5,52.2545,,,,,,,,,u-12tb1,u-12tb1.metal,448,12288,35762.264,35.762264
SAP HANA on Azure Large Instances (second generation),S896m,896,24576,52254.5,52.2545,,,,,,,,,u-18tb1,u-18tb1.metal,448,18432,35762.264,35.762264
SAP HANA on Azure Large Instances (second generation),S896om,896,24576,52254.5,52.2545,,,,,,,,,u-24tb1,u-24tb1.metal,448,24576,35762.264,35.762264
SAP HANA on Azure Large Instances (second generation),S896oo,896,18432,52254.5,52.2545,,,,,,,,,x1,x1.16xlarge,64,976,4185.0384,4.1850384
SAP HANA on Azure Large Instances (second generation),S896oom,896,36864,52254.5,52.2545,,,,,,,,,x1,x1.32xlarge,128,1952,4185.0384,4.1850384
SAP HANA on Azure Large Instances (second generation),S896ooo,896,30720,52254.5,52.2545,,,,,,,,,x1e,x1e.xlarge,4,122,6892.2672,6.8922672
,,,,,,,,,,,,,,x1e,x1e.2xlarge,8,244,6892.2672,6.8922672
,,,,,,,,,,,,,,x1e,x1e.4xlarge,16,488,6892.2672,6.8922672
,,,,,,,,,,,,,,x1e,x1e.8xlarge,32,976,6892.2672,6.8922672
,,,,,,,,,,,,,,x1e,x1e.16xlarge,64,1952,6892.2672,6.8922672
,,,,,,,,,,,,,,x1e,x1e.32xlarge,128,3904,6892.2672,6.8922672
,,,,,,,,,,,,,,x2gd,x2gd.medium,1,16,2597.9952,2.5979952
,,,,,,,,,,,,,,x2gd,x2gd.large,2,32,2597.9952,2.5979952
,,,,,,,,,,,,,,x2gd,x2gd.xlarge,4,64,2597.9952,2.5979952
,,,,,,,,,,,,,,x2gd,x2gd.2xlarge,8,128,2597.9952,2.5979952
,,,,,,,,,,,,,,x2gd,x2gd.4xlarge,16,256,2597.9952,2.5979952
,,,,,,,,,,,,,,x2gd,x2gd.8xlarge,32,512,2597.9952,2.5979952
,,,,,,,,,,,,,,x2gd,x2gd.12xlarge,48,768,2597.9952,2.5979952
,,,,,,,,,,,,,,x2gd,x2gd.16xlarge,64,1024,2597.9952,2.5979952
,,,,,,,,,,,,,,x2gd,x2gd.metal,64,1024,2597.9952,2.5979952
,,,,,,,,,,,,,,z1d,z1d.large,2,16,1810.3792,1.8103792
,,,,,,,,,,,,,,z1d,z1d.xlarge,4,32,1810.3792,1.8103792
,,,,,,,,,,,,,,z1d,z1d.2xlarge,8,64,1810.3792,1.8103792
,,,,,,,,,,,,,,z1d,z1d.3xlarge,12,96,1810.3792,1.8103792
,,,,,,,,,,,,,,z1d,z1d.6xlarge,24,192,1810.3792,1.8103792
,,,,,,,,,,,,,,z1d,z1d.12xlarge,48,384,1810.3792,1.8103792
,,,,,,,,,,,,,,z1d,z1d.metal,48,384,1810.3792,1.8103792
,,,,,,,,,,,,,,,cache.t2.micro,1,0.555,1477.2368,1.4772368
,,,,,,,,,,,,,,,cache.t2.small,1,1.55,1477.2368,1.4772368
,,,,,,,,,,,,,,,cache.t2.medium,2,3.22,1477.2368,1.4772368
,,,,,,,,,,,,,,,cache.t3.micro,2,0.5,1610.3792,1.6103792
,,,,,,,,,,,,,,,cache.t3.small,2,1.37,1610.3792,1.6103792
,,,,,,,,,,,,,,,cache.t3.medium,2,3.09,1610.3792,1.6103792
,,,,,,,,,,,,,,,cache.m3.medium,1,3.75,1710.3792,1.7103792
,,,,,,,,,,,,,,,cache.m4.large,2,6.42,1432.856,1.432856
,,,,,,,,,,,,,,,cache.m4.xlarge,4,14.28,1432.856,1.432856
,,,,,,,,,,,,,,,cache.m4.2xlarge,8,29.7,1432.856,1.432856
,,,,,,,,,,,,,,,cache.m4.4xlarge,16,60.78,1432.856,1.432856
,,,,,,,,,,,,,,,cache.m4.10xlarge,40,154.64,1432.856,1.432856
,,,,,,,,,,,,,,,cache.m5.large,2,6.38,1610.3792,1.6103792
,,,,,,,,,,,,,,,cache.m5.xlarge,4,12.93,1610.3792,1.6103792
,,,,,,,,,,,,,,,cache.m5.2xlarge,8,26.04,1610.3792,1.6103792
,,,,,,,,,,,,,,,cache.m5.4xlarge,16,52.26,1610.3792,1.6103792
,,,,,,,,,,,,,,,cache.m5.12xlarge,48,157.12,1610.3792,1.6103792
,,,,,,,,,,,,,,,cache.m5.24xlarge,96,314.32,1610.3792,1.6103792
,,,,,,,,,,,,,,,cache.m6g.large,2,8,1332.856,1.332856
,,,,,,,,,,,,,,,cache.m6g.xlarge,4,16,1332.856,1.332856
,,,,,,,,,,,,,,,cache.m6g.2xlarge,8,32,1332.856,1.332856
,,,,,,,,,,,,,,,cache.m6g.4xlarge,16,64,1332.856,1.332856
,,,,,,,,,,,,,,,cache.m6g.8xlarge,32,128,1332.856,1.332856
,,,,,,,,,,,,,,,cache.m6g.12xlarge,48,192,1332.856,1.332856
,,,,,,,,,,,,,,,cache.m6g.16xlarge,64,256,1332.856,1.332856
,,,,,,,,,,,,,,,cache.r3.2xlarge,8,61,1516.2132,1.5162132
,,,,,,,,,,,,,,,cache.r4.large,2,12.3,1754.6168,1.7546168
,,,,,,,,,,,,,,,cache.r4.xlarge,4,25.05,1754.6168,1.7546168
,,,,,,,,,,,,,,,cache.r4.2xlarge,8,50.47,1754.6168,1.7546168
,,,,,,,,,,,,,,,cache.r4.4xlarge,16,101.38,1754.6168,1.7546168
,,,,,,,,,,,,,,,cache.r4.8xlarge,32,203.26,1754.6168,1.7546168
,,,,,,,,,,,,,,,cache.r4.16xlarge,64,407,1754.6168,1.7546168
,,,,,,,,,,,,,,,cache.r5.large,2,13.07,2142.9488,2.1429488
,,,,,,,,,,,,,,,cache.r5.xlarge,4,26.32,2142.9488,2.1429488
,,,,,,,,,,,,,,,cache.r5.2xlarge,8,52.82,2142.9488,2.1429488
,,,,,,,,,,,,,,,cache.r5.4xlarge,16,105.81,2142.9488,2.1429488
,,,,,,,,,,,,,,,cache.r5.12xlarge,48,317.77,2142.9488,2.1429488
,,,,,,,,,,,,,,,cache.r5.24xlarge,96,635.61,2142.9488,2.1429488
,,,,,,,,,,,,,,,cache.r6g.large,2,16,1687.9024,1.6879024
,,,,,,,,,,,,,,,cache.r6g.xlarge,4,32,1687.9024,1.6879024
,,,,,,,,,,,,,,,cache.r6g.2xlarge,8,64,1687.9024,1.6879024
,,,,,,,,,,,,,,,cache.r6g.4xlarge,16,128,1687.9024,1.6879024
,,,,,,,,,,,,,,,cache.r6g.8xlarge,32,256,1687.9024,1.6879024
,,,,,,,,,,,,,,,cache.r6g.12xlarge,48,384,1687.9024,1.6879024
,,,,,,,,,,,,,,,cache.r6g.16xlarge,64,512,1687.9024,1.6879024
,,,,,,,,,,,,,,,t3.small.elasticsearch,2,2,1610.3792,1.6103792
,,,,,,,,,,,,,,,t3.medium.elasticsearch,2,4,1610.3792,1.6103792
,,,,,,,,,,,,,,,t2.micro.elasticsearch,1,1,1477.2368,1.4772368
,,,,,,,,,,,,,,,t2.small.elasticsearch,1,2,1477.2368,1.4772368
,,,,,,,,,,,,,,,t2.medium.elasticsearch,2,4,1477.2368,1.4772368
,,,,,,,,,,,,,,,m5.large.elasticsearch,2,8,1610.3792,1.6103792
,,,,,,,,,,,,,,,m5.xlarge.elasticsearch,4,16,1610.3792,1.6103792
,,,,,,,,,,,,,,,m5.2xlarge.elasticsearch,8,32,1610.3792,1.6103792
,,,,,,,,,,,,,,,m5.4xlarge.elasticsearch,16,64,1610.3792,1.6103792
,,,,,,,,,,,,,,,m5.12xlarge.elasticsearch,48,192,1610.3792,1.6103792
,,,,,,,,,,,,,,,m4.large.elasticsearch,2,8,1432.856,1.432856
,,,,,,,,,,,,,,,m4.xlarge.elasticsearch,4,16,1432.856,1.432856
,,,,,,,,,,,,,,,m4.2xlarge.elasticsearch,8,32,1432.856,1.432856
,,,,,,,,,,,,,,,m4.4xlarge.elasticsearch,16,64,1432.856,1.432856
,,,,,,,,,,,,,,,m4.10xlarge.elasticsearch,40,160,1432.856,1.432856
,,,,,,,,,,,,,,,m3.medium.elasticsearch,1,3.75,1610.6656,1.6106656
,,,,,,,,,,,,,,,m3.large.elasticsearch,2,7.5,1610.6656,1.6106656
,,,,,,,,,,,,,,,m3.xlarge.elasticsearch,4,15,1610.6656,1.6106656
,,,,,,,,,,,,,,,m3.2xlarge.elasticsearch,8,30,1610.6656,1.6106656
,,,,,,,,,,,,,,,c5.large.elasticsearch,2,4,1344.0944,1.3440944
,,,,,,,,,,,,,,,c5.xlarge.elasticsearch,4,8,1344.0944,1.3440944
,,,,,,,,,,,,,,,c5.2xlarge.elasticsearch,8,16,1344.0944,1.3440944
,,,,,,,,,,,,,,,c5.4xlarge.elasticsearch,16,32,1344.0944,1.3440944
,,,,,,,,,,,,,,,c5.9xlarge.elasticsearch,36,72,1344.0944,1.3440944
,,,,,,,,,,,,,,,c5.18xlarge.elasticsearch,72,144,1344.0944,1.3440944
,,,,,,,,,,,,,,,c4.large.elasticsearch,2,3.75,1161.0236,1.1610236
,,,,,,,,,,,,,,,c4.xlarge.elasticsearch,4,7.5,1161.0236,1.1610236
,,,,,,,,,,,,,,,c4.2xlarge.elasticsearch,8,15,1161.0236,1.1610236
,,,,,,,,,,,,,,,c4.4xlarge.elasticsearch,16,30,1161.0236,1.1610236
,,,,,,,,,,,,,,,c4.8xlarge.elasticsearch,36,60,1161.0236,1.1610236
,,,,,,,,,,,,,,,r5.large.elasticsearch,2,16,2142.9488,2.1429488
,,,,,,,,,,,,,,,r5.xlarge.elasticsearch,4,32,2142.9488,2.1429488
,,,,,,,,,,,,,,,r5.2xlarge.elasticsearch,8,64,2142.9488,2.1429488
,,,,,,,,,,,,,,,r5.4xlarge.elasticsearch,16,128,2142.9488,2.1429488
,,,,,,,,,,,,,,,r5.12xlarge.elasticsearch,48,384,2142.9488,2.1429488
,,,,,,,,,,,,,,,r4.large.elasticsearch,2,15.25,1754.6168,1.7546168
,,,,,,,,,,,,,,,r4.xlarge.elasticsearch,4,30.5,1754.6168,1.7546168
,,,,,,,,,,,,,,,r4.2xlarge.elasticsearch,8,61,1754.6168,1.7546168
,,,,,,,,,,,,,,,r4.4xlarge.elasticsearch,16,122,1754.6168,1.7546168
,,,,,,,,,,,,,,,r4.8xlarge.elasticsearch,32,244,1754.6168,1.7546168
,,,,,,,,,,,,,,,r4.16xlarge.elasticsearch,64,488,1754.6168,1.7546168
,,,,,,,,,,,,,,,r3.large.elasticsearch,2,15.25,1616.2132,1.6162132
,,,,,,,,,,,,,,,r3.xlarge.elasticsearch,4,30.5,1616.2132,1.6162132
,,,,,,,,,,,,,,,r3.2xlarge.elasticsearch,8,61,1616.2132,1.6162132
,,,,,,,,,,,,,,,r3.4xlarge.elasticsearch,16,122,1616.2132,1.6162132
,,,,,,,,,,,,,,,r3.8xlarge.elasticsearch,32,244,1616.2132,1.6162132
,,,,,,,,,,,,,,,i3.large.elasticsearch,2,15.25,2587.9024,2.5879024
,,,,,,,,,,,,,,,i3.xlarge.elasticsearch,4,30.5,2587.9024,2.5879024
,,,,,,,,,,,,,,,i3.2xlarge.elasticsearch,8,61,2587.9024,2.5879024
,,,,,,,,,,,,,,,i3.4xlarge.elasticsearch,16,122,2587.9024,2.5879024
,,,,,,,,,,,,,,,i3.8xlarge.elasticsearch,32,244,2587.9024,2.5879024
,,,,,,,,,,,,,,,i3.16xlarge.elasticsearch,64,488,2587.9024,2.5879024
,,,,,,,,,,,,,,,i2.xlarge.elasticsearch,4,30.5,1616.2132,1.6162132
,,,,,,,,,,,,,,,i2.2xlarge.elasticsearch,8,61,1616.2132,1.6162132
,,,,,,,,,,,,,,,m6g.large.elasticsearch,2,8,1332.856,1.332856
,,,,,,,,,,,,,,,m6g.xlarge.elasticsearch,4,16,1332.856,1.332856
,,,,,,,,,,,,,,,m6g.2xlarge.elasticsearch,8,32,1332.856,1.332856
,,,,,,,,,,,,,,,m6g.4xlarge.elasticsearch,16,64,1332.856,1.332856
,,,,,,,,,,,,,,,m6g.8xlarge.elasticsearch,32,128,1332.856,1.332856
,,,,,,,,,,,,,,,m6g.12xlarge.elasticsearch,48,192,1332.856,1.332856
,,,,,,,,,,,,,,,c6g.large.elasticsearch,2,4,1155.3328,1.1553328
,,,,,,,,,,,,,,,c6g.xlarge.elasticsearch,4,8,1155.3328,1.1553328
,,,,,,,,,,,,,,,c6g.2xlarge.elasticsearch,8,16,1155.3328,1.1553328
,,,,,,,,,,,,,,,c6g.4xlarge.elasticsearch,16,32,1155.3328,1.1553328
,,,,,,,,,,,,,,,c6g.8xlarge.elasticsearch,32,64,1155.3328,1.1553328
,,,,,,,,,,,,,,,c6g.12xlarge.elasticsearch,48,96,1155.3328,1.1553328
,,,,,,,,,,,,,,,r6g.large.elasticsearch,2,16,1687.9024,1.6879024
,,,,,,,,,,,,,,,r6g.xlarge.elasticsearch,4,32,1687.9024,1.6879024
,,,,,,,,,,,,,,,r6g.2xlarge.elasticsearch,8,64,1687.9024,1.6879024
,,,,,,,,,,,,,,,r6g.4xlarge.elasticsearch,16,128,1687.9024,1.6879024
,,,,,,,,,,,,,,,r6g.8xlarge.elasticsearch,32,256,1687.9024,1.6879024
,,,,,,,,,,,,,,,r6g.12xlarge.elasticsearch,48,384,1687.9024,1.6879024
,,,,,,,,,,,,,,,r6gd.large.elasticsearch,2,16,1887.9024,1.8879024
,,,,,,,,,,,,,,,r6gd.xlarge.elasticsearch,4,32,1887.9024,1.8879024
,,,,,,,,,,,,,,,r6gd.2xlarge.elasticsearch,8,64,1887.9024,1.8879024
,,,,,,,,,,,,,,,r6gd.4xlarge.elasticsearch,16,128,1887.9024,1.8879024
,,,,,,,,,,,,,,,r6gd.8xlarge.elasticsearch,32,256,1887.9024,1.8879024
,,,,,,,,,,,,,,,r6gd.12xlarge.elasticsearch,48,384,1887.9024,1.8879024
,,,,,,,,,,,,,,,r6gd.16xlarge.elasticsearch,64,512,1887.9024,1.8879024
,,,,,,,,,,,,,,,db.m6g.large,2,8,1332.856,1.332856
,,,,,,,,,,,,,,,db.m6g.xlarge,4,16,1332.856,1.332856
,,,,,,,,,,,,,,,db.m6g.2xlarge,8,32,1332.856,1.332856
,,,,,,,,,,,,,,,db.m6g.4xlarge,16,64,1332.856,1.332856
,,,,,,,,,,,,,,,db.m6g.8xlarge,32,128,1332.856,1.332856
,,,,,,,,,,,,,,,db.m6g.12xlarge,48,192,1332.856,1.332856
,,,,,,,,,,,,,,,db.m6g.16xlarge,64,256,1332.856,1.332856
,,,,,,,,,,,,,,,db.m5.large,2,8,1610.3792,1.6103792
,,,,,,,,,,,,,,,db.m5.xlarge,4,16,1610.3792,1.6103792
,,,,,,,,,,,,,,,db.m5.2xlarge,8,32,1610.3792,1.6103792
,,,,,,,,,,,,,,,db.m5.4xlarge,16,64,1610.3792,1.6103792
,,,,,,,,,,,,,,,db.m5.8xlarge,32,128,1610.3792,1.6103792
,,,,,,,,,,,,,,,db.m5.12xlarge,48,192,1610.3792,1.6103792
,,,,,,,,,,,,,,,db.m5.16xlarge,64,256,1610.3792,1.6103792
,,,,,,,,,,,,,,,db.m5.24xlarge,96,384,1610.3792,1.6103792
,,,,,,,,,,,,,,,db.m4.large,2,8,1432.856,1.432856
,,,,,,,,,,,,,,,db.m4.xlarge,4,16,1432.856,1.432856
,,,,,,,,,,,,,,,db.m4.2xlarge,8,32,1432.856,1.432856
,,,,,,,,,,,,,,,db.m4.4xlarge,16,64,1432.856,1.432856
,,,,,,,,,,,,,,,db.m4.10xlarge,40,160,1432.856,1.432856
,,,,,,,,,,,,,,,db.m4.16xlarge,64,256,1432.856,1.432856
,,,,,,,,,,,,,,,db.m3.medium,1,3.75,1410.6656,1.4106656
,,,,,,,,,,,,,,,db.m3.large,2,7.5,1410.6656,1.4106656
,,,,,,,,,,,,,,,db.m3.xlarge,4,15,1410.6656,1.4106656
,,,,,,,,,,,,,,,db.m3.2xlarge,8,30,1410.6656,1.4106656
,,,,,,,,,,,,,,,db.m1.small,1,1.7,1244.2376,1.2442376
,,,,,,,,,,,,,,,db.m1.medium,1,3.75,1244.2376,1.2442376
,,,,,,,,,,,,,,,db.m1.large,2,7.5,1244.2376,1.2442376
,,,,,,,,,,,,,,,db.m1.xlarge,4,15,1244.2376,1.2442376
,,,,,,,,,,,,,,,db.z1d.12xlarge,48,384,1610.3792,1.6103792
,,,,,,,,,,,,,,,db.z1d.large,2,16,1610.3792,1.6103792
,,,,,,,,,,,,,,,db.z1d.xlarge,4,32,1610.3792,1.6103792
,,,,,,,,,,,,,,,db.z1d.2xlarge,8,64,1610.3792,1.6103792
,,,,,,,,,,,,,,,db.z1d.3xlarge,12,96,1610.3792,1.6103792
,,,,,,,,,,,,,,,db.z1d.6xlarge,24,192,1610.3792,1.6103792
,,,,,,,,,,,,,,,db.x1e.xlarge,4,122,6692.2672,6.6922672
,,,,,,,,,,,,,,,db.x1e.2xlarge,8,244,6692.2672,6.6922672
,,,,,,,,,,,,,,,db.x1e.4xlarge,16,488,6692.2672,6.6922672
,,,,,,,,,,,,,,,db.x1e.8xlarge,32,976,6692.2672,6.6922672
,,,,,,,,,,,,,,,db.x1e.16xlarge,64,1952,6692.2672,6.6922672
,,,,,,,,,,,,,,,db.x1e.32xlarge,128,3904,6692.2672,6.6922672
,,,,,,,,,,,,,,,db.x1.32xlarge,128,1952,3985.0384,3.9850384
,,,,,,,,,,,,,,,db.x1.16xlarge,64,976,3985.0384,3.9850384
,,,,,,,,,,,,,,,db.r6g.large,2,16,1687.9024,1.6879024
,,,,,,,,,,,,,,,db.r6g.xlarge,4,32,1687.9024,1.6879024
,,,,,,,,,,,,,,,db.r6g.2xlarge,8,64,1687.9024,1.6879024
,,,,,,,,,,,,,,,db.r6g.4xlarge,16,128,1687.9024,1.6879024
,,,,,,,,,,,,,,,db.r6g.12xlarge,48,384,1687.9024,1.6879024
,,,,,,,,,,,,,,,db.r6g.16xlarge,64,512,1687.9024,1.6879024
,,,,,,,,,,,,,,,db.r5.large,2,16,2142.9488,2.1429488
,,,,,,,,,,,,,,,db.r5.xlarge,4,32,2142.9488,2.1429488
,,,,,,,,,,,,,,,db.r5.2xlarge,8,64,2142.9488,2.1429488
,,,,,,,,,,,,,,,db.r5.4xlarge,16,128,2142.9488,2.1429488
,,,,,,,,,,,,,,,db.r5.8xlarge,32,256,2142.9488,2.1429488
,,,,,,,,,,,,,,,db.r5.12xlarge,48,384,2142.9488,2.1429488
,,,,,,,,,,,,,,,db.r5.16xlarge,64,512,2142.9488,2.1429488
,,,,,,,,,,,,,,,db.r5.24xlarge,96,768,2142.9488,2.1429488
,,,,,,,,,,,,,,,db.r4.large,2,15.25,1754.6168,1.7546168
,,,,,,,,,,,,,,,db.r4.xlarge,4,30.5,1754.6168,1.7546168
,,,,,,,,,,,,,,,db.r4.2xlarge,8,61,1754.6168,1.7546168
,,,,,,,,,,,,,,,db.r4.4xlarge,16,122,1754.6168,1.7546168
,,,,,,,,,,,,,,,db.r4.8xlarge,32,244,1754.6168,1.7546168
,,,,,,,,,,,,,,,db.r4.16xlarge,64,488,1754.6168,1.7546168
,,,,,,,,,,,,,,,db.r3.large,2,15.25,1416.2132,1.4162132
,,,,,,,,,,,,,,,db.r3.xlarge,4,30.5,1416.2132,1.4162132
,,,,,,,,,,,,,,,db.r3.2xlarge,8,61,1416.2132,1.4162132
,,,,,,,,,,,,,,,db.r3.4xlarge,16,122,1416.2132,1.4162132
,,,,,,,,,,,,,,,db.r3.8xlarge,32,244,1416.2132,1.4162132
,,,,,,,,,,,,,,,db.m2.xlarge,2,17.1,1466.1416,1.4661416
,,,,,,,,,,,,,,,db.m2.2xlarge,4,34.2,1466.1416,1.4661416
,,,,,,,,,,,,,,,db.m2.4xlarge,8,68.4,1466.1416,1.4661416
,,,,,,,,,,,,,,,db.t3.micro,2,1,1610.3792,1.6103792
,,,,,,,,,,,,,,,db.t3.small,2,2,1610.3792,1.6103792
,,,,,,,,,,,,,,,db.t3.medium,2,4,1610.3792,1.6103792
,,,,,,,,,,,,,,,db.t3.large,2,8,1610.3792,1.6103792
,,,,,,,,,,,,,,,db.t3.xlarge,4,16,1610.3792,1.6103792
,,,,,,,,,,,,,,,db.t3.2xlarge,8,32,1610.3792,1.6103792
,,,,,,,,,,,,,,,db.t2.micro,1,1,1477.2368,1.4772368
,,,,,,,,,,,,,,,db.t2.small,1,2,1477.2368,1.4772368
,,,,,,,,,,,,,,,db.t2.medium,2,4,1477.2368,1.4772368
,,,,,,,,,,,,,,,db.t2.large,2,8,1477.2368,1.4772368
,,,,,,,,,,,,,,,db.t2.xlarge,4,16,1477.2368,1.4772368
,,,,,,,,,,,,,,,db.t2.2xlarge,8,32,1477.2368,1.4772368